Case Number,Diagnostician,State,County,Area,Coordinates,Histo Number,Species,Taxonomic Group,Year,No. Rec.,Sex,Age,Weight,Diagnosis,Other/Comments,Distemper,Date Rec.,Date Final,Submitter,Agency,Pathologist
013-19,Dalton,WV,Roane,Cork Fork,"38.735195532881775, -81.35068930507545",W19-365,Red Fox,,2019,1,Unknown,Unknown,Unknown,Mild lymphoplasmactic encephalitis (presumptive protozoal infection),"Canine distemper virus, rabies virus, and Toxoplasma gondii were not detected.",N,01/08/2019,03/20/19,McCrady,WVDNR,
012-19,Dalton,LA,St. Tammany,Fontainebleu State Park,"30.337848694233347, -90.03836630757513",W19-364,Raccoon,,2019,1,Female,Adult,3.67 kg,Canine distemper,#COON-AF-StTammany-7January2019. Rabies virus was not detected.,Y,01/08/2019,01/22/19,Burks/LaCour,LADWF,
024-19,Dalton,AR,Pope,Russellville,"35.276422481365344, -93.12977304488368",W19-380,Gray Fox,,2019,1,Male,Adult,3.2 kg,Canine distemper virus,Rabies virus was not detected. No evidence of infection with canine parvovirus,Y,01/11/2019,01/29/19,Ballard,ARGFC,
029-19,Niedringhaus,MO,Boone,"39.107697, -92.192999","39.107697, -92.192999",W19-395,Gray Fox,,2019,1,Female,Adult,4.05 kg,Canine distemper,#18274.  Rabies virus was not detected.,Y,01/15/19,01/25/19,Russell,MODOC,
033-19,Niedringhaus,GA,Madison,David Holmes Cl. Road,"33.57750791609037, -83.4809570381003",W19-398,Raccoon,,2019,1,Male,Adult,4.13 kg,Canine distemper,Rabies virus and parvovirus were not detected,Y,01/16/19,01/25/19,Jordan,GADNR,
066-19,Dalton,LA,Rapides,Fortune Loop,"31.370487753220917, -92.27104250868754",W19-451,Raccoon,,2019,1,Male,Adult,5.4 kg,Systemic schistosomiasis,Canine distemper virus was not detected.,N,02/08/2019,02/22/19,Jones,LADWF,
081-19,Niedringhaus,GA,Fulton,"20th Street NW, Atlanta","33.794157180585565, -84.39604158478991",W19-466A,Gray Fox,,2019,2,Female,Juvenile,A: 2.77 kg. B: 4.25 kg,A-B: No abnormalities detected,Rabies and canine distemper viruses were not detected.,N,02/20/19,03/05/2019,Reese/Johannsen,GADNR,
081-19,Niedringhaus,GA,Fulton,"20th Street NW, Atlanta","33.794157180585565, -84.39604158478991",W19-466B,Gray Fox,,2019,2,Female,Adult,A: 2.77 kg. B: 4.25 kg,A-B: No abnormalities detected,Rabies and canine distemper viruses were not detected.,N,02/20/19,03/05/2019,Reese/Johannsen,GADNR,
084-19,Niedringhaus,LA,Ascension,"Muddy Creek Road, Prairieville, LA","30.32647154241669, -90.9188392146544",W19-483,Raccoon,,2019,1,Female,Adult,3.31 kg,Canine distemper (systemic); hepatic schistosomiasis,#COON-AF-Ascension-20February2019.  Rabies virus antigen was not detected.,Y,02/21/19,03/06/2019,Burks/LaCour,LADWF,
091-19,Niedringhaus,GA,Glynn,Jekyll Island,"31.07186102142682, -81.41377925383203",W19-490,Raccoon,,2019,1,Female,Juvenile,0.970 kg,Trauma (suspect predation),"Parvovirus, rabies virus, and canine distemper virus were not detected.",N,02/22/19,03/14/19,Colbert/Horan,Jekyll Island/ GADNR,
092-19,Niedringhaus,GA,Glynn,Jekyll Island,"31.07186102142682, -81.41377925383203",W19-489,Raccoon,,2019,1,Male,Adult,3.265 kg,Canine distemper,Rabies virus and parvovirus were not detected,Y,02/22/19,03/14/19,Colbert/Horan,Jekyll Island/ GADNR,
094-19,Niedringhaus,NC,Gaston,Dallas city limits,"35.3157867909785, -81.17776414581522",W19-496,Gray Fox,,2019,1,Male,Adult,3.29 kg,Canine distemper,Rabies virus was not detected.,Y,02/26/19,03/15/19,Ray,NCWRC,
095-19,Niedringhaus,NC,Gaston,Gaston city limits,"35.267914546385796, -81.19335529647749",W19-497,Raccoon,,2019,1,Male,Adult,4.37 kg,Canine distemper,Rabies virus was not detected.,Y,02/26/19,03/15/19,Ray,NCWRC,
099-19,Niedringhaus,NC,Wake,Chapanoke Road,"35.735676381372315, -78.65212973369113",W19-494,Gray Fox,,2019,1,Male,Adult,4.035 kg,Canine distemper,Rabies virus was not detected.,Y,03/01/2019,03/15/19,Batts,NCWRC,
116-19,Niedringhaus,KS,Coffey,"Old Hwy 50, Lebo; 38.404259, -95.739935","38.404259, -95.739935",W19-511,Striped Skunk,,2019,1,Unknown,Unknown,Unknown,Rabies,Canine distemper virus was not detected.,N,03/12/2019,04/15/19,Hesting,KSDWP,
120-19,Niedringhaus,WV,Gilmer,Unknown,"38.936801452686865, -80.87800543426017",W19-514,Red Fox,,2019,1,Female,Adult,2.395 (skinned),Emaciation (cause unknown); mild pneumonia,Rabies virus was not detected.,N,03/14/19,04/08/2019,Rogers,WVDNR,
124-19,Kunkel,LA,Livingston,Cedar Court,"30.541504191479266, -90.95891814620713",W19-525,Raccoon,,2019,1,Female,Adult,2.21 kg,Canine distemper; Pneumonia (likely parasitic); Parasitic gastroenteritis,#COON-UF-Livingston-18March2019. Rabies virus was not detected.,Y,03/19/19,04/08/2019,Yeldell/LaCour,LADWF,
125-19,Kunkel,LA,St. Tammany,"Estate Drive South, Mandeville","30.385988208197436, -90.05822997504482",W19-526,Raccoon,,2019,1,Female,Adult,4.67 kg,Canine distemper; Schistosomiasis,Rabies virus was not detected.,Y,03/19/19,04/08/2019,Breland,LADWF,
148-19,Kunkel,VA,Henrico,Unknown,"37.63060441869926, -77.54369320053438",W19-540,Raccoon,,2019,1,Female,Adult,1.6 kg,Canine distemper; Secondary bacterial pneumonia due to Streptococcus canis,Rabies virus was not detected.,Y,03/29/19,05/01/2019,Engelmeyer/ Kirchgessner,VADGIF,
152-19,Dalton,WV,Raleigh,"North Pike Street, Beckley","37.77621659949144, -81.19863835957673",W19-547,Raccoon,,2019,1,Male,Adult,5.3 kg,Subcutaneous bacterial abscess (bacterial sepsis),Canine distemper virus and rabies virus were not detected.,N,04/04/2019,04/22/19,Morris,WVDNR,
161-19,Kunkel,VA,Unknown,Henrico,"37.63060441869926, -77.54369320053438",W19-558,Raccoon,,2019,1,Unknown,Adult,3.03 kg,Canine distemper; Leptospirosis (suspect),Rabies virus was not detected.,Y,04/09/2019,05/13/19,Engelmeyer/ Kirchgessner,VADGIF,
167-19,Kunkel,PA,Susquehanna,Clifford Township,"41.67732391189772, -75.55591685054263",-,Raccoon,,2019,1,Female,Adult,4.5 g,Canine distemper virus,#19NE0009. Rabies virus not detected (tested prior to submission),Y,04/11/2019,04/18/19,Miller/Wenner,PAGC,
172-19,Kunkel,GA,Fulton,"Stokes Avenue, SW Atlanta","33.74092435895608, -84.44109385354423",W19-566,Raccoon,,2019,1,Male,Adult,3.42 kg,Canine distemper,Rabies virus was not detected.,Y,04/15/19,05/16/19,Reese/Johannsen,GADNR,
190-19,Dalton,KS,Finney,"37.963839, -100.879905","37.963839, -100.879905",W19-579,Striped Skunk,,2019,1,Male,Adult,2.2 kg,Rabies,Strain consistent with the rabies virus variant found in skunks in the south central United States.,N,04/23/19,05/23/19,Meier/Hesting,KSDWP,
209-19,Niedringhaus,NC,Perquimans,"Ocean Highway, Hertford; 36.210092, -76.4108859","36.210092, -76.4108859",W19-604,Raccoon,,2019,1,Male,Adult,2.515 kg,Pediculosis (lice infestation),,N,05/03/2019,05/13/19,Turner,NCWRC,
219-19,Niedringhaus,LA,DeSoto,"Highway 5, Gloster","32.131678829200766, -93.93851971217707",W19-614,Striped Skunk,,2019,1,Female,Adult,Unknown,Rabies,Canine distemper virus was not detected.,N,05/09/2019,05/21/19,Hasapes/LaCour,LADWF,
222-19,Kunkel,LA,St. Tammany,"30.425699, -90.131693","30.425699, -90.131693",W19-616,Striped Skunk,,2019,1,Male,Juvenile,0.67 kg,Canine distemper,#SKUNK-JU-StTammany-13May2019. Rabies virus was not detected.,Y,05/14/19,06/13/19,Burks/LaCour,LADWF,
226-19,Kunkel,LA,Desoto,"Peyton Street, Grand Cane","32.0862211611051, -93.81181654618301",W19-624,Striped Skunk,,2019,1,Male,Adult,1.4 kg,Pulmonary sarcocystosis (Sarcoystis speeri detected; Rabies virus not detected,Canine distemper virus was not detected.,N,05/16/19,06/16/19,Hasapes/LaCour,LADWF,
227-19,Niedringhaus,LA,East Baton Rouge,Unknown,"30.5223214328954, -91.08106737415835",W19-625,Raccoon,,2019,1,Female,Adult,2.95 kg,Bacterial enteritis (Escherichia coli isolated); bacteremia,#COON-UU-EastBatonRouge-20May2019.  Rabies virus and canine distemper virus were not detected.,N,05/21/19,06/19/19,Anderson/LaCour,LADWF,
249-19,Niedringhaus,LA,Tangipahoa,"North Fifth Street, Ponchatoula","30.443574067138204, -90.44089671922048",W19-665,Gray Fox,,2019,1,Female,Adult,3.33 kg,Diphacinone toxicosis,#GRFOX-AF-Tangipahoa-30May2019. Rabies virus and canine distemper virus were not detected.,N,05/31/19,07/11/2019,Burks/LaCour,LADWF,
253-19,Niedringhaus,WV,Grant,Mount Storm,"39.27731668675043, -79.24071662671751",W19-669A,Raccoon,,2019,2,Female,Juvenile,A: 505 g. B: 540 g,A&B: No abnormalities detected,Leptospira interrogans was not detected in wither raccoon.,N,05/31/19,06/20/19,Barton/Crum,WVDNR,
253-19,Niedringhaus,WV,Grant,Mount Storm,"39.27731668675043, -79.24071662671751",W19-669B,Raccoon,,2019,2,Female,Juvenile,A: 505 g. B: 540 g,A&B: No abnormalities detected,Leptospira interrogans was not detected in wither raccoon.,N,05/31/19,06/20/19,Barton/Crum,WVDNR,
277-19,Dugovich,FL,Lee,"Eagle Road, Cape Coral","26.71720813329791, -81.96944864682511",W19-686,Raccoon,,2019,3,Female,Juvenile,A: 375 g. B: 400 g. C: 410 g.,A-C: Canine parvovirus,,N,06/13/19,07/11/2019,Barron/Shender,CROW/ FLFWCC,
277-19,Dugovich,FL,Lee,"Eagle Road, Cape Coral","26.71720813329791, -81.96944864682511",W19-687,Raccoon,,2019,3,Female,Juvenile,A: 375 g. B: 400 g. C: 410 g.,A-C: Canine parvovirus,,N,06/13/19,07/11/2019,Barron/Shender,CROW/ FLFWCC,
277-19,Dugovich,FL,Lee,"Eagle Road, Cape Coral","26.71720813329791, -81.96944864682511",W19-688,Raccoon,,2019,3,Female,Juvenile,A: 375 g. B: 400 g. C: 410 g.,A-C: Canine parvovirus,,N,06/13/19,07/11/2019,Barron/Shender,CROW/ FLFWCC,
299-19,Kunkel,LA,Tangipahoa,"Crapanzano Road, Hammond","30.5121194771637, -90.51238348029275",W19-691,Raccoon,,2019,1,Female,Juvenile,1.345 kg,Canine distemper; Verminous pneumonia (suspected Crenosoma vulpis),#COON-JF-Tangipahoa-21June2019.  Rabies virus was not detected.,Y,06/25/19,07/16/19,Yeldell/LaCour,LADWF,
355-19,Dugovich,GA,Gwinnett,"Wood Springs Court, Lilburn","33.8733818590561, -84.05915788478858",W19-768,Red Fox,,2019,1,Female,Adult,Unknown,Undetermined,No evidence of rabies or distemper virus infection. Toxicology testing ruled out exposure to anticoagulant rodenticides.,N,07/15/19,08/20/19,Reese/Johannsen,GADNR,
380-19,Dugovich,NE,Box Butte,23 NW of Alliance,"42.11794905316359, -102.87565094404984",W19-779A,Striped Skunk,,2019,2,Female,Adult,A: 1.39 kg. B: 0.56 kg,A&B: Rabies and distemper virus negative; no abnormalities evident,#SK-NW071919,N,07/23/19,09/09/2019,Powell,NEGPC,
380-19,Dugovich,NE,Box Butte,23 NW of Alliance,"42.11794905316359, -102.87565094404984",W19-779B,Striped Skunk,,2019,2,Male,Juvenile,A: 1.39 kg. B: 0.56 kg,A&B: Rabies and distemper virus negative; no abnormalities evident,#SK-NW071919,N,07/23/19,09/09/2019,Powell,NEGPC,
402-19,Kunkel,KS,Thomas,"39.156196, -101.261786","39.156196, -101.261786",W19-790,Striped Skunk,,2019,1,Male,Adult,3.1 kg,Rabies,,N,07/31/19,09/09/2019,Athen,KSDWP,
404-19,Kunkel,KS,Marshall,"North Nebraska Street, Waterville","39.69361464816874, -96.7493519883743",W19-792,Raccoon,,2019,1,Male,Adult,5.4 kg,Canine distemper; Schistosomiasis,Rabies virus was not detected.,Y,07/31/19,09/17/19,Henry/ Hesting,KSDWP,
405-19,Kunkel,KS,Osage,Osage City Football Field,"38.62855653865315, -95.8380556833221",W19-793,Striped Skunk,,2019,1,Male,Juvenile,505 g,No apparent abnormalities; Rabies virus and canine distemper virus were not detected.,,N,08/01/2019,09/17/19,Koch/ Hesting,KSDWP,
426-19,Weyna,KS,Sherman,"Colorado, Goodland","39.346004114749526, -101.72322407304",W19-814,Striped Skunk,,2019,1,Female,Subadult,1.22 kg,Rabies,,N,08/06/2019,09/09/2019,Hopper/ Smith,KSDWP,
451-19,Dugovich,LA,East Baton Rouge,"Cross Keys Drive, Baton Rouge","30.407105793625078, -90.99549499223282",W19-841,Raccoon,,2019,1,Male,Juvenile,1.9 kg,Canine distemper,#COON-JM-EastBatonRouge-12August2019.  Rabies virus was not detected.,Y,08/13/19,10/29/19,LeBlanc/LaCour,LADWF,
549-19,Kunkel,KY,Franklin,"Esperanza Drive, Frankfort","38.1826607464685, -84.8236626767573",W19-873,Raccoon,,2019,1,Male,Adult,3.59 kg,Canine distemper,#KDFWR-W-2019-35. Rabies virus was not detected.,Y,09/06/2019,10/17/19,Casey,KYDFWR,
580-19,Dugovich,WV,Randolph,Mingo,"38.49858992650091, -80.05410568239382",W19-893,Raccoon,,2019,1,Male,Juvenile,1.3 4 kg,Rabies,Canine distemper virus was not detected.,N,09/12/2019,10/22/19,Crum,WVDNR,
603-19,McKenzie,PA,Clarion,Unknown,"41.20788225246037, -79.38600041149927",W19-856,Raccoon,,2019,1,Male,Adult,Unknown,Canine distemper; pulmonary larval nematodiasis,#P1923187,Y,09/17/19,09/30/19,Luley,PA ST Lab,
651-19,Weyna,VA,-,Hampton,"37.02791463529029, -76.35940869426976",W19-890,Raccoon,,2019,1,Female,Subadult,3.37 kg,Parvoviral enteritis (canine parvovirus detected),Rabies and canine distemper viruses were not detected.,N,09/25/19,11/01/2019,Kirchgessner,VAGDIF,
689-19,Dugovich,KS,Miami,"Mission Velvue Road, Louisburg","38.56917368240982, -94.6394137614085",W19-948,Raccoon,,2019,1,Female,Juvenile,2.34 kg,Canine distemper,Rabies virus was not detected.,Y,10/02/2019,11/19/19,Hesting,KSDWP,
727-19,Kunkel,PA,Luzerne,"41.267086, -75.878970","41.267086, -75.878970",-,Gray Fox,,2019,1,Unknown,Adult,Unknown,Canine distemper virus not detected,#P1925265,N,10/08/2019,10/22/19,Luley,PA StADL,
820-19,Radisic,NC,Hertford,Town of Ahoski,"36.28818956542191, -76.98621587756341",W19-994,Gray Fox,,2019,1,Female,Adult,Unknown,Canine distemper (due to canine morbillivirus),Rabies virus was not detected.,Y,10/31/19,12/05/2019,Turner,NCWRC,
836-19,Kunkel,NC,Hertford,"Sunset Avenue, Ahoskie","36.28495146615191, -76.99156797268942",W19-1013,Gray Fox,,2019,1,Female,Juvenile,2.7 kg,Canine distemper,Rabies virus was not detected.,Y,11/05/2019,11/20/19,Turner,NCWRC,
839-19,Kunkel,NE,Montgomery,Uwharrie Point Community,"35.477635358507996, -80.10873432339558",W19-1015,Red Fox,,2019,1,Female,Subadult,3.1 kg,Sarcoptic mange,Mites consistent with Sarcoptes scabiei,N,11/06/2019,12/17/19,Medford,NCWRC,
856-19,Dugovich,LA,Bossier,"East Texas Street, Bossier City","32.528874532219454, -93.70164606141064",W19-1066,Gray Fox,,2019,1,Male,Adult,4.59 kg,Cause of death undetermined; mild Heterobilharzia americana infection,#GFOX-AM-Bossier-13Nov2019.  Rabies virus and canine distemper virus were not detected.,N,11/15/19,12/20/19,Yeldel/LaCour,LADWF,
876-19,Weyna,KS,Finney,"37.969700, -00.859192; Garden City","37.969700, -00.859192",W19-1038,Red Fox,,2019,1,Female,Subadult,10 lbs,"Sarcoptic mange, emaciation",Rabies and canine distemper viruses were not detected.,N,11/21/19,01/21/20,Meier/Hesting,KSDWP,
879-19,Weyna,AR,Drew,Wilmar,"33.62539535455842, -91.93040073839131",W19-1039,Raccoon,,2019,1,Male,Juvenile,1.93 kg,"Canine distemper (canine morbillivirus infection); severe intestinal nematodiasis (Macracanthorhynchus ingens) and intussusception (i.e., telescoping of the intestine)",Rabies virus was not detected.,Y,11/21/19,12/06/2019,Ballard,ARGFC,
882-19,Weyna,KY,Calloway,Calloway,"36.640875953533104, -88.3452002093544",W19-1040,Red Fox,,2019,1,Male,Adult,Unknown,Suspect trauma; pulmonary hemorrhage and edema,KDFWR-W-2019-119. Canine distemper virus was not detected.,N,11/22/19,12/06/2019,Casey,KYDFWR,
896-19,Dugovich,NC,Gaston,"Greendale Drive, Gastonia","35.30665560347885, -81.0743315221157",W19-1070,Gray Fox,,2019,1,Male,Adult,4.04 kg,Canine distemper; suspect trauma (pulmonary hemorrhage),Rabies virus was not detected.,Y,11/26/19,01/06/2020,Ray,NCWRC,
897-19,Dugovich,NC,Gaston,"Smith Road, Mt. Holly","35.30712213000346, -81.0712178058008",W19-1071,Raccoon,,2019,1,Female,Adult,2.7 kg,Canine distemper,Rabies virus was not detected.,Y,11/26/19,01/13/20,Ray,NCWRC,
912-19,Dugovich,AR,A-C: Pulaski,A-C: Unknown,"34.75352980386768, -92.29841638889509",W19-1136,Raccoon,,2019,1,Unknown,Adult,A-C: Unknown, B-(Raccoon): Cause of death undetermined; rabies and distemper viruses not detected. ,#AR2019-029 A-C.  Advanced postmortem decomposition of the raccoon and bald eagle carcasses.,N,11/27/19,01/15/20,Ballard,ARGFC,
951-19,Kunkel,PA,Erie,"42.02098, -80.34751","42.02098, -80.34751",-,Raccoon,,2019,1,Female,Adult,Unknown,Canine distemper virus antigen detected,"19NW00042, P1931667",Y,12/13/19,12/18/19,Luley/Coup,PAGC,
959-19,Radisic,VA,Spotsylvania,Spotsylvania Courthouse,"38.19824867159978, -77.59021046853977",W19-1129,Red Fox,,2019,1,Male,Adult,3.21 kg,Anticoagulant rodenticide toxicosis (brodifacoum and bromadiolone); suspect sarcoptic mange (incidental),Canine distemper virus and rabies virus were not detected.,N,12/18/19,01/29/20,Dye/ Kirchgessner,VADGIF,
971-19,Radisic,GA,Habersham,Tommy Irvin Road,"34.58878420514032, -83.4314213226333",W19-1158,Raccoon,,2019,1,Female,Juvenile,2.32 kg,Canine distemper (pneumonia and encephalitis); mild kidney inflammation associated with Leptospira sp.,Rabies virus was not detected.,Y,12/20/19,02/18/20,Giles,GADNR,
988-19,Nemeth,FL,Marion,Ocala,"29.184357659193946, -82.1449673200658",W19-1144,Raccoon,,2019,1,Male,Adult,13.5 lbs,Generalized hypotrichosis (presumed congenital),#191212-01,N,12/23/19,01/15/20,Cunningham,FLFWCC,
990-19,Nemeth,KY,A-C: Franklin,"A, B: Frankfort.  C: Salato Wildlife Center","38.1944,-84.8694",W19-1146A,Raccoon,,2019,3,Male,Unknown,Unknown,"A, B, C: Canine distemper.  A, B: Pulmonary nematodiasis (lungworm infection).  B: Bacterial pneumonia (multiple bacteria isolated)",A: KDFWR-W-2019-125A. B: KDFWR-W-2019-125B.  C: KDFWR-W-2019-125C,Y,12/24/19,01/08/2020,Casey,KYDFWR,
990-19,Nemeth,KY,A-C: Franklin,"A, B: Frankfort.  C: Salato Wildlife Center","38.1944,-84.8694",W19-1146B,Raccoon,,2019,3,Female,Unknown,Unknown,"A, B, C: Canine distemper.  A, B: Pulmonary nematodiasis (lungworm infection).  B: Bacterial pneumonia (multiple bacteria isolated)",A: KDFWR-W-2019-125A. B: KDFWR-W-2019-125B.  C: KDFWR-W-2019-125C,Y,12/24/19,01/08/2020,Casey,KYDFWR,
990-19,Nemeth,KY,A-C: Franklin,"A, B: Frankfort.  C: Salato Wildlife Center","38.17709,-84.92328",W19-1146C,Raccoon,,2019,3,Female,Unknown,Unknown,"A, B, C: Canine distemper.  A, B: Pulmonary nematodiasis (lungworm infection).  B: Bacterial pneumonia (multiple bacteria isolated)",A: KDFWR-W-2019-125A. B: KDFWR-W-2019-125B.  C: KDFWR-W-2019-125C,Y,12/24/19,01/08/2020,Casey,KYDFWR,
032-20,Weyna,GA,Fulton,"Burdette Road, College Park","33.595443298970174, -84.47766867606944",W20-32,Gray Fox,,2020,1,Male,Adult,3.36 kg,Canine distemper virus (CDV) infection,Rabies virus was not detected.,N,01/09/2020,01/27/20,Boehne,GADNR,
029-20,Weyna,NC,Brunswick,Bald Head Island Club,"33.86180108056694, -78.0038687289653",W20-29,Red Fox,,2020,1,Female,Adult,3.08 kg,"Bacterial sepsis (Staphylococcus aureaus and Cedecea davisae isolated), dirofilariasis (heartworm disease)",Canine distemper virus and rabies virus were not detected.,N,01/09/2020,02/04/2020,Harrelson,NCWRC,
028-20,Weyna,LA,Orleans,"Cupid Street, New Orleans","29.925694904416666, -90.00902648854579",W20-28,Raccoon,,2020,1,Male,Adult,8.15 kg,Canine distemper virus infection,#COON-AM-Orleans-07January2020.  Rabies virus was not detected.,Y,01/09/2020,01/21/20,Donovan/ LaCour,LADWF,
051-20,Radisic,KS,Thomas,Colby,"39.390068168519, -101.05018127388983",,Raccoon,,2020,1,Female,Adult,3.69 kg,Canine distemper; acute liver necrosis (Escherichia coli isolated),Rabies virus was not detected.,Y,01/16/20,02/18/20,Klag,KSDWP,
079-20,Kunkel,LA,East Baton Rouge,"Government Street, Baton Rouge","30.444354037250992, -91.14962344960134",W20-79,Raccoon,,2020,1,Male,Juvenile,2.52 kg,Canine distemper; Bacterial and verminous pneumonia; Schistosomiasis,#COON-JM-EastBatonRouge-20January2020. Rabies virus was not detected.,Y,01/23/20,03/04/2020,Anderson/LaCour,LADWF,
088-20 Addendum,Radisic,LA,East Baton Rouge,"near 30.419656, -91.162801","30.419656, -91.162801",W20-88,Gray Fox,,2020,1,Male,Adult,3.445 kg,Suspect bromethalin toxicosis; rabies and canine distemper virus negative,"Rabies and canine distemper viruses were not detected. ADDENDUM: While bromethalin was not detected via toxicological testing of the submitted brain sample, we cannot definitively rule it out as a possible cause of disease in this fox.",N,01/28/20,04/28/20 03/11/20,Burks/LaCour,LADWF,
117-20,Dugovich,AR,A-C: Ouachita,"1 mile stretch of Washington Street.  A: 33.585524, -92.837714. B: 33.583553, -92,848640. C: 33.584132, -92.855136","33.585524, -92.837714",W20-117A,Raccoon,,2020,3,Female,Adult,A: 3.90 kg. B: 3.04 kg. C: 2.72 kg,"A-C: Canine distemper; suspect schistosomiasis. C: Acute, bacterial pneumonia",A-C: Rabies virus was not detected.,Y,02/11/2020,02/21/20,Ballard,ARGFC,
117-20,Dugovich,AR,A-C: Ouachita,"1 mile stretch of Washington Street.  A: 33.585524, -92.837714. B: 33.583553, -92,848640. C: 33.584132, -92.855136","33.585524, -92.837714",W20-117B,Raccoon,,2020,3,Female,Adult,A: 3.90 kg. B: 3.04 kg. C: 2.72 kg,"A-C: Canine distemper; suspect schistosomiasis. C: Acute, bacterial pneumonia",A-C: Rabies virus was not detected.,Y,02/11/2020,02/21/20,Ballard,ARGFC,
117-20,Dugovich,AR,A-C: Ouachita,"1 mile stretch of Washington Street.  A: 33.585524, -92.837714. B: 33.583553, -92,848640. C: 33.584132, -92.855136","33.584132, -92.855136",W20-117C,Raccoon,,2020,3,Female,Adult,A: 3.90 kg. B: 3.04 kg. C: 2.72 kg,"A-C: Canine distemper; suspect schistosomiasis. C: Acute, bacterial pneumonia",A-C: Rabies virus was not detected.,Y,02/11/2020,02/21/20,Ballard,ARGFC,
124-20,Weyna,GA,Hall,Unknown,"34.307242830124046, -83.83701296530162",,Gray Fox,,2020,1,Male,Adult,3.11 kg,Canine distemper virus (canine morbillivirus) infection with concurrent Listeria monocytogenes hepatitis ,Rabies virus was not detected.,Y,02/17/20,04/01/2020,Jordan,GADNR,
143-20,Kunkel,GA,Dougherty,Unknown,"31.5187476650689, -84.28561517294895",W20-143,Red Fox,,2020,1,Male,Adult,3.2 kg,Trauma; Bacterial abscess over left hip. Sarcoptic mange,Rabies virus and canine distemper virus were not detected.,N,02/21/20,03/11/2020,Howze,GADNR,
166-20,Kunkel,NC,Sampson,Newton Grove,"35.24575509277768, -78.35516775138827",W20-166,Raccoon,,2020,1,Female,Adult,2.9 kg,Canine distemper virus,Rabies virus was not detected.,Y,02/28/20,04/06/2020,Harrelson,NCWRC,
170-20,Radisic,KS,Finney,"37.975777, -100.683182","37.975777, -100.683182",W20-170,Striped Skunk,,2020,1,Female,Adult,0.830 kg,Canine distemper virus,Rabies virus was not detected.,Y,03/03/2020,04/29/20,Meier/Hesting,KSDWP,
178-20,Radisic,NC,Beaufort,"35.273136, -76.794340; Aurora","35.273136, -76.794340",W20-178,Raccoon,,2020,1,Male,Adult,2.9 kg,Canine distemper virus; schistosomiasis,Rabies virus was not detected.,Y,03/04/2020,04/29/20,Kent,NCWRC,
188-20,Kunkel,KY,A: Shelby. B: Jefferson,"A, B: Unknown","38.20380304585649, -85.22504484579514",W20-188A,Raccoon,,2020,2,Female,Unknown,"A, B: Unknown","A, B: Canine distemper virus",A: #KY-W-2020-09. B: #KY-W-2020-10. A&B: Rabies virus was not detected.,Y,03/12/2020,04/06/2020,Casey,KYDFWR,
188-20,Kunkel,KY,A: Shelby. B: Jefferson,"A, B: Unknown","38.218398219499456, -85.6946304147566",W20-188B,Raccoon,,2020,2,Female,Unknown,"A, B: Unknown","A, B: Canine distemper virus",A: #KY-W-2020-09. B: #KY-W-2020-10. A&B: Rabies virus was not detected.,Y,03/12/2020,04/06/2020,Casey,KYDFWR,
202-20 Addendum,Radisic,NE,Lincoln,"North River Wildlife Management Area; 48.25888N, -111.145678W","48.25888, -111.145678",W20-202,Striped Skunk,,2020,1,Unknown,Adult,Unknown,Rabies; mandibular abscessation,#SW03172020. Addendum: Rabies (South Central U.S. skunk rabies virus variant); mandibular abscessation,N,03/18/20,06/12/20 05/01/20,Aden/Nordeen,NEGPC,
207-20,Ruder,KS,"A, B: Smith","A, B: 10091 Road, Gaylord","39.64559301412951, -98.84661525090786",W20-207A,Striped Skunk,,2020,2,Male,Adult,A: 1.6 kg. B: 1.8 kg,"A, B: Canine distemper","A, B: Rabies virus was not detected",Y,03/20/20,05/15/20,Tritsch/Hesting,KSDWP,
207-20,Ruder,KS,"A, B: Smith","A, B: 10091 Road, Gaylord","39.64559301412951, -98.84661525090786",W20-207B,Striped Skunk,,2020,2,Female,Adult,A: 1.6 kg. B: 1.8 kg,"A, B: Canine distemper","A, B: Rabies virus was not detected",Y,03/20/20,05/15/20,Tritsch/Hesting,KSDWP,
211-20,Weyna,NC,Burke,Torre Pellice Street,"35.7395315658694, -81.54655663077939",W20-211,Gray Fox,,2020,1,Male,Subadult,2.655 kg,Canine distemper virus (canine morbillivirus) infection; Emaciation,Rabies virus was not detected.,Y,04/07/2020,05/05/2020,Ray,NCWRC,
239-20,Dugovich,KS,Lyon,"38.309454, -95.956235","38.309454, -95.956235",W20-239,Raccoon,,2020,1,Female,Adult,3.2 kg,Emaciation; heart degeneration; multi-organ schistosomiasis,Rabies virus and canine distemper virus were not detected.,N,05/13/20,05/29/20,Hesting,KSDWP,
255-20,Radisic,NC,Caldwell,"Cameron Place, Hudson","35.838003967237775, -81.50050761302512",W20-255,Gray Fox,,2020,1,Female,Adult,3.085 kg,Canine distemper; listeriosis (Listeria monocytogenes infection),Rabies virus was not detected.,Y,05/22/20,07/06/2020,Ray,NCWRC,
267-20,Weyna,NC,Caldwell,"Cameron Place, Hudson","35.838003967237775, -81.50050761302512",W20-267,Raccoon,,2020,1,Male,Adult,3.33 kg,Canine distemper,Rabies virus was not detected.,Y,06/02/2020,06/22/20,Ray,NCWRC,
268-20,Weyna,KS,Marshall,"39.684172, -96.659758","39.684172, -96.659758",W20-268,Raccoon,,2020,1,Female,Adult,5.915 kg,Multisystemic parasitism (suspect Heterobilharzia americana),Rabies virus and canine distemper virus were not detected.,N,06/02/2020,08/03/2020,Smith/Hesting,KSDWP,
276-20,Weyna,NC,Caldwell,Moonbeam Lane,"35.92128687817077, -81.44945763816466",W20-276,Raccoon,,2020,1,Male,Adult,2.52 kg,Rabies virus infection; Emaciation,,N,06/05/2020,06/22/20,Ray,NCWRC,
292-20,Kunkel,VA,Loudoun,Parkside Sterling,"39.04259235969741, -77.3791492851025",W20-292,Red Fox,,2020,1,Female,Juvenile,2.8 kg,"Anticoagulant rodenticide toxicosis (brodifacoum, bromadiolone, difethialone, difenacoum)",Bromadiolone was detected at 2100 ppb.,N,06/12/2020,07/15/20,Kirchgessner,VADGIF,
313-20,Dugovich,KS,Thomas,Colby,"39.390068168519, -101.05018127388983",W20-313,Red Fox,,2020,1,Male,Adult,2.75 kg,Rabies,Canine distemper virus was not detected.,N,06/23/20,07/31/20,Klag/ Hesting,KSDWP,
333-20,Radisic,NC,Carteret,"34.728281, -76.725779","34.728281, -76.725779",W20-333,Raccoon,,2020,1,Female,Adult,5.495 kg,Canine distemper virus,Rabies virus was not detected.,Y,07/02/2020,07/23/20,Kent,NCWRC,
409-20,Weyna,GA,Clarke,Deer Pens at Whitehall,"33.88469519086368, -83.3575294931958",W20-409,Raccoon,,2020,1,Female,Subadult,2.625 kg,Rabies; Emaciation; Diaphragmatic hernia,,N,08/10/2020,10/02/2020,Osborn,"UGA, Warnell",
439-20,Radisic,NC,Caldwell,"Kingtown Road, Lenoir","35.87146065700533, -81.62870388168542",W20-439,Gray Fox,,2020,1,Female,Subadult,2.33 kg,Canine distemper,Rabies virus was not detected.,Y,08/18/20,09/08/2020,Ray,NCWRC,
432-20,Radisic,NC,Craven,"34.981788, -76.948929","34.981788, -76.948929",W20-432,Raccoon,,2020,1,Female,Juvenile,0.550 kg,Canine distemper,Rabies virus was not detected.,Y,08/18/20,09/08/2020,Kent,NCWRC,
458-20,Kunkel,KY,Letcher,"Eolia; 37*2’13”, -82*48’2”","37.05357964912565, -82.79186386036102",W20-458,Raccoon,,2020,1,Male,Juvenile,1.8 kg,"Canine distemper, trauma (domestic dog attack)",#KY-20-25. Rabies virus was not detected.,Y,08/26/20,09/11/2020,Curry/Casey,KYDFWR,
480-20,Radisic,VA,James City,Kingsmill Resort,"37.22510326480024, -76.6670210135636",W20-480,Red Fox,,2020,1,Female,Adult,4.95 kg,Presumed sarcoptic mange (Sarcoptes species mites),Rabies virus and canine distemper virus were not detected.,N,09/01/2020,10/06/2020,Garst/ Kirchgessner,VADWR,
489-20,Radisic,NC,Craven,"37.05357964912565, -82.79186386036102","37.05357964912565, -82.79186386036102",W20-489,Red Fox,,2020,1,Male,Adult,4.05 kg,Sarcoptic mange (Sarcoptes scabiei),,N,09/03/2020,10/29/20,Kent,NCWRC,
502-20,Dugovich,KY,"A, B: Lincoln.","A, B: KY Hwy 518, Hustonville","37.47205544098797, -84.82193039047972",W20-502A,Raccoon,,2020,2,Female,Adult,A: 3.78 kg. B: 1.56 kg.,"A, B: Canine distemper",A: #KY-W2020-31A. B: #KY-W20-31B. Rabies virus was not detected.,Y,09/09/2020,09/23/20,Buchanan-Schwanke,INDNR,
502-20,Dugovich,KY,"A, B: Lincoln.","A, B: KY Hwy 518, Hustonville","37.47205544098797, -84.82193039047972",W20-502B,Raccoon,,2020,2,Female,Subadult,A: 3.78 kg. B: 1.56 kg.,"A, B: Canine distemper",A: #KY-W2020-31A. B: #KY-W20-31B. Rabies virus was not detected.,Y,09/09/2020,09/23/20,Buchanan-Schwanke,INDNR,
537-20,Weyna,NC,Carteret,"34.685271, -77.061098","34.685271, -77.061098",W20-537,Raccoon,,2020,1,Male,Subadult,0.880 kg,Canine distemper virus (canine morbillivirus),The head was sent to the NC state laboratory for rabies testing and was negative.,Y,09/16/20,10/22/20,Kent,NCWRC,
583-20,Kunkel,FL,Bay,"30.170494, -85.669391; Florida Avenue, Panama City","30.170494, -85.669391",W20-583,Raccoon,,2020,1,Male,Juvenile,1.2 kg,Canine distemper,Rabies virus was not detected.,Y,09/24/20,10/13/20,Clemons/ Cunningham,FLFWCC,
625-20,Radisic,NC,Pamlico,"Neals Creek Road, Bayboro; 35.1379304, -76.7833101","35.1379304, -76.7833101",W20-625,Raccoon,,2020,1,Female,Adult,3.36 kg,Distemper (Canine distemper virus [CDV]; morbillivirus),Rabies virus was not detected.,Y,10/01/2020,11/23/20,Kent,NCWRC,
626-20,Radisic,NC,Pamlico,"Millpond Road, Bayboro; 35.1318716, -76.787818054","35.1318716, -76.787818054",W20-626,Raccoon,,2020,1,Female,Adult,3.57 kg,Distemper (Canine distemper virus; morbillivirus); disseminated protozoan infection (schistosomiasis); lungworm infection (nematodiasis),Rabies virus was not detected.,Y,10/01/2020,11/23/20,Kent,NCWRC,
663-20,Radisic,NC,Gaston,"Ridge Avenue, Gastonia","35.27170798074042, -81.2009627688587",W20-663,Raccoon,,2020,1,Male,Adult,2.7 kg,Canine distemper,#A45828172. Rabies virus was not detected.,Y,10/08/2020,12/03/2020,Ray,NCWRC,
703-20,Kunkel,NC,Pamlico,"35.1440627, -76.7785673","35.1440627, -76.7785673",W20-703,Raccoon,,2020,1,Female,Adult,3.2 kg,Canine distemper,Rabies virus was not detected,Y,10/16/20,11/10/2020,Kent,NCWRC,
704-20,Kunkel,NC,Carteret,"34.720989, -76.712744","34.720989, -76.712744",W20-704,Raccoon,,2020,1,Male,Juvenile,1.4 kg,Canine distemper,#236; Lab ID #VS201001-0006. Rabies virus was not detected at NC Lab.,Y,10/16/20,11/13/20,Kent,NCWRC,
705-20,Kunkel,NC,Carteret,"34.730203, -76.804789","34.730203, -76.804789",W20-705,Raccoon,,2020,1,Male,Juvenile,1.8 kg,Canine distemper,#248; Lab ID #VS201001-0006. Rabies virus was not detected at NC Lab.,Y,10/16/20,11/13/20,Kent,NCWRC,
711-20,Kunkel,NC,Pamlico,"Elm Street, Bayboro; 35.0845, -76.4549","35.0845, -76.4549",W20-711,Raccoon,,2020,1,Female,Adult,2.8 kg,Canine distemper; bacterial pneumonia (Streptococcus canis and Myroides sp.),"Lab #VS201016-0222, Animal ID #C06010627.  Rabies virus was not detected at NC Lab.",Y,10/20/20,11/18/20,Kent,NCWRC,
712-20,Kunkel,NC,Pamlico,"USCG Station, Hobucken; 35.1451, -76.3534","35.1451, -76.3534",W20-712,Raccoon,,2020,1,Female,Adult,2.8 kg,Canine distemper; Verminous pneumonia (suspect Crenosoma sp.),Rabies virus was not detected.,Y,10/20/20,11/13/20,Kent,NCWRC,
717-20,Kunkel,KS,Lyon,"38.416626, -96.285609","38.416626, -96.285609",W20-717,Raccoon,,2020,1,Female,Juvenile,2.1 kg,Parvoviral encephalitis (parvovirus detected),Rabies virus and canine distemper virus were not detected.,N,10/21/20,12/01/2020,Hesting,KSDWP,
739-20,Goodwin,TN,Fayette,Somerville,"35.2425,-89.3494",W20-739,Gray Fox,,2020,1,Male,Juvenile,2.8 kg,Canine distemper; Bacterial bronchopneumonia; rabies virus not detected,,Y,10/27/20,01/14/21,Dennison,TNWRA,
738-20,Goodwin,NC,Gaston,"Rhyne Circle, Ranlo","35.28814,-81.13361",W20-738,Raccoon,,2020,1,Male,Adult,2.74 kg,Canine distemper; rabies virus not detected,#A45966704.,Y,10/27/20,01/14/21,Ray,NCWRC,
749-20,Goodwin,NC,Perquimans,"36.231154, -76.539323","36.231154, -76.539323",W20-749,Raccoon,,2020,1,Female,Adult,3.725 kg,Rabies,Canine distemper virus was not detected.,N,10/30/20,02/25/21,Turner,NCWRC,
750-20,Goodwin,KY,Scott,"Ironworks Road, Georgetown","38.1778,-84.6196",W20-750,Raccoon,,2020,1,Female,Adult,3.69 kg,Canine distemper; intestinal endoparasitism,#KY-W20-44. Rabies virus not detected,Y,10/30/20,02/27/21,Casey,KYDFWR,
756-20,Goodwin,GA,Clarke,East side Athens,"33.926024471409555, -83.32766960252007",W20-756,Gray Fox,,2020,1,Female,Adult,Unknown,Rabies ,Canine distemper virus not detected,N,11/01/2020,03/01/2021,Johannsen,GADNR,
765-20,Goodwin,NC,Beaufort,"Breeze Way, Aurora","35.27358218960695, -76.6562222596231",W20-765,Raccoon,,2020,1,Male,Adult,4.005 kg,Canine distemper; myocarditis with intralesional protozoal cysts (suspect Toxoplasma gondii),Rabies virus was not detected.,Y,11/04/2020,04/03/2021,Stanford,NCWRC,
776-20,Weyna,NC,Washington,"Pettigrew State Park, ~35.791809, -76.409542","35.791809, -76.409542",W20-776,Gray Fox,,2020,1,Male,Adult,Unknown,Trauma; Canine distemper virus (CDV; canine morbillivirus) infection,Rabies virus was not detected.,N,11/10/2020,11/20/20,Turner,NCWRC,
791-20,Burrell,NC,Carteret,"34.714452, -76.646053; Ocean Street, Beaufort","34.714452, -76.646053",W20-791,Raccoon,,2020,1,Male,Adult,5.17 kg,Canine distemper,Lab #VS201105-0016 - Rabies virus was not detected.,Y,11/13/20,12/07/2020,Kent,NCWRC,
792-20,Weyna,NC,Carteret,"Gordon Street, Beaufort; 34.714529, -76.657640","34.714529, -76.657640",W20-792,Raccoon,,2020,1,Male,Subadult,3.8 kg,Canine distemper,"Head submitted to NC State Lab for rabies testing, which was negative.",Y,11/13/20,11/20/20,Kent,NCWRC,
793-20,Weyna,NC,Carteret,Morehead City,"34.73554329789056, -76.76728312901923",W20-793,Raccoon,,2020,1,Male,Subadult,2.95 kg,Intestinal coccidiosis,Rabies virus and canine distemper virus were not detected.,N,11/13/20,11/19/20,Kent,NCWRC,
808-20,Burrell,KS,Atchison,"45.258888, -111.145678","45.258888, -111.145678",W20-808,Raccoon,,2020,1,Female,Adult,2.4 kg,Brain abscess (Streptococcus canis and Staphylococcus delphini isolated); canine distemper,Rabies virus was not detected.,N,11/18/20,12/22/20,Warner/Hesting,KSDWP,
811-20,Radisic,MO,Barry,Roaring Rivers State Park,"36.58792216223077, -93.82774476841051",W20-811,Raccoon,,2020,1,Male,Adult,6.55 kg,Canine distemper,#20150. Rabies virus was not detected.,Y,11/19/20,01/12/2021,Russell,MODOC,
834-20,Kunkel,GA,Glynn,Jekyll Island,"31.07186102142682, -81.41377925383203",W20-834,Raccoon,,2020,1,Male,Adult,3.7 kg,Apparently healthy,Rabies virus and canine distemper virus were not detected.,N,12/02/2020,12/16/20,Colbert,Jekyll Island,
835-20,Kunkel,GA,Glynn,Jekyll Island,"31.07186102142682, -81.41377925383203",W20-835,Raccoon,,2020,1,Female,Adult,3.2 kg,Bacterial abscess (throat region) and bacterial pneumonia (Klebsiella pneumoniae and Streptococcus canis isolated),Rabies virus and canine distemper virus were not detected.,N,12/02/2020,01/04/2021,Colbert,Jekyll Island,
002-21 Addendum,Weyna,LA,East Baton Rouge,"Green Briar Drive, Baton Rouge","30.441547082347842, -91.08346974661815",W21-002,Red Fox,,2021,1,Male,Adult,4.08 kg,"Acute liver damage with jaundice, open etiology; Skeletal myopathy (suspect capture/exertional myopathy)",#RFOX-AM-EastBatonRouge-1January2021. Rabies virus and canine distemper virus were not detected. Addendum: Very low levels of oxyclordane and mexacarbate were detected in the liver. Both are considered incidental findings by the toxicologist.,N,01/05/2021,06/30/21 02/18/21,Anderson/LaCour,LADWF,Nemeth
004-21,Weyna,MO,Taney,Branson,"36.6436,-93.2564",W21-004,Raccoon,,2021,1,Female,Adult,3.43 kg,Canine distemper; Sarcocystosis (most likely Sarcocystis neurona),#20206. Rabies virus was not detected.,Y,01/06/2021,01/29/21,Batten/Russell,MODOC,Nemeth
005-21,Weyna,LA,Ouachita,"Harrell Road, West Monroe","32.52683,-92.21810",W21-005,Raccoon,,2021,1,Male,Subadult,2.75 kg,Canine distemper; Toxoplasmosis (Toxoplasma gondii),Rabies virus was not detected.,Y,01/06/2021,01/29/21,Pritchett/Berry,LADWF,Nemeth
014-21,Weyna,NC,Caldwell,Hartland Road,"35.86493,-81.61399",W21-014,Raccoon,,2021,1,Female,Adult,3.96 kg,Canine distemper,Rabies virus was not detected.,Y,01/07/2021,01/19/21,Ray,NCWRC,Nemeth
015-21,Weyna,NC,McDowell,Black Gum Drive,"35.61985,-82.16200",W21-015,Raccoon,,2021,1,Female,Adult,2.6 kg,Canine distemper,Rabies virus was not detected.,Y,01/08/2021,01/15/21,Ray,NCWRC,Nemeth
016-21,Weyna,NC,McDowell,West Fort Street,"35.62823,-82.19105",W21-016,Raccoon,,2021,1,Female,Subadult,2.6 kg,Canine distemper; protozoal encephalitis (brain inflammation),Rabies virus was not detected.,Y,01/08/2021,01/29/21,Ray,NCWRC,Nemeth
026-21,Radisic,PA,Union,Mifflinburg,"40.91900460277437, -77.04744589243583",W21-026,Raccoon,,2021,1,Unknown,Adult,Unknown,Canine distemper,#P2100294,Y,01/12/2021,01/27/21,Luley,PASADL,Nemeth
042-21,Radisic,NC,Caldwell,Hartland Road,"35.86526166010206, -81.60680009346721",W21-042,Raccoon,,2021,1,Female,Adult,4.29 kg,Canine distemper,Rabies virus was not detected.,Y,01/15/21,02/03/2021,Ray,NCWRC,Nemeth
050-21,Burrell,NC,Pamlico,"35.027056, -76.697775","35.027056, -76.697775",W21-050,Raccoon,,2021,1,Male,Adult,4.89 kg,Canine distemper; bacterial pneumonia (Escherichia coli – hemolytic and Streptococcus canis),,Y,01/20/21,03/04/2021,Kent,NCWRC,Burrell
062-21,Burrell,NC,Gaston,"Ridge Avenue, Cherryville High School","35.38948,-81.37960",W21-062,Raccoon,,2021,1,Male,Adult,2.63 kg,Canine distemper; Bacterial pneumonia (Escherichia coli – hemolytic and Streptococcus canis isolated),Rabies virus was not detected.,Y,01/22/21,03/09/2021,Ray,NCWRC,Burrell
063-21,Burrell,NC,McDowell,Hidden View Loop,"35.6806,-82.0612",W21-063,Raccoon,,2021,1,Male,Subadult,3.29 kg,Canine distemper,Rabies virus was not detected.,Y,01/22/21,03/16/21,Ray,NCWRC,Burrell
089-21,Burrell,NC,McDowell,Old Greenlee Road,"35.66790,-82.11088",W21-089,Raccoon,,2021,1,Female,Adult,4.84 kg,Canine distemper,Rabies virus was not detected.,Y,01/27/21,03/16/21,Ray,NCWRC,Burrell
092-21,Burrell,NC,Pamlico,"Island Road, Alliance; 35.139943, -76.791111","35.139943, -76.791111",W21-092,Striped Skunk,,2021,1,Female,Adult,Unknown,"Canine distemper; Bacterial hepatitis (Citrobacter braakii, Enterococcus faecalis, Pseudomonas aeruginosa isolated)",Rabies virus was not detected.,Y,01/29/21,03/16/21,Kent,NCWRC,Burrell
102-21,Kunkel,MO,St. Louis,Land grant 01983,"38.5376,-90.4863",W21-102,Raccoon,,2021,1,Female,Adult,5.0 kg,Canine distemper,#21009. Rabies virus was not detected.,Y,02/03/2021,02/15/21,Batten/Russell,MODOC,Nemeth
135-21,Stilwell,NC,McDowell,Mt. Hebron Road,"35.5675,-82.2216",W21-135,Raccoon,,2021,1,Male,Adult,4.91 kg,Canine distemper,Rabies virus was not detected.,Y,02/18/21,03/24/21,Ray,NCWRC,Burrell
144-21,Kunkel,NC,McDowell,Mountain View Road,"35.68354,-82.08029",W21-144,Raccoon,,2021,1,Female,Adult,2.8 kg,Canine distemper,Rabies virus was not detected.,Y,02/23/21,03/10/2021,Ray,NCWRC,Nemeth
150-21,Kunkel,LA,Orleans,"Prieur Street, New Orleans 70122","29.96980,-90.07255",W21-150,Raccoon,,2021,1,Male,Adult,7.8 kg,Canine distemper,Rabies virus was not detected.,Y,02/25/21,03/10/2021,Burks/LaCour,LADWF,Nemeth
151-21,Kunkel,TN,A-F: Davidson,A-F: Unknown,"36.26133852440689, -86.88756292503646",W21-151,Raccoon,,2021,6,Female,Adult,3.5 kg,"A-F: Carbofuran toxicosis (confirmed in A, B, E, F; presumed in C, D)","A, B: #022321001420104. C: #022321001420111. D: No #. E:  #022321001420102. F: #022321001420105. ",N,02/25/21,03/30/21,Booker/Applegate,TNWRA,Nemeth
153-21,Burrell,MO,St. Louis,"38.62773, -90.70183","38.62773, -90.70183",W21-153,Raccoon,,2021,1,Female,Adult,2.89 kg,Canine distemper,#21046. Rabies virus was not detected.,Y,03/02/2021,03/30/21,Batten/Russell,MODOC,Burrell
168-21,Burrell,NC,Caldwell,Sheely Road,"35.88019,-81.59223",W21-168,Gray Fox,,2021,1,Male,Adult,3.7 kg,Canine distemper,Rabies virus was not detected.,Y,03/04/2021,04/02/2021,Ray,NCWRC,Burrell
174-21,Burrell,GA,A-F: Lamar,A-F: Fredonia Church Road at Gordon Road,"33.042423982843935, -84.11203766150862",W21-174A,Raccoon,,2021,6,Male,Adult,A: 5.29 kg. B: 2.535 kg. C: 3.36 kg. D: 3.375 kg. E: 2.425 kg. F: 0.1 kg,A-B: Acute trauma (shotgun). C-E: Acute trauma. F: Coelomic inflammation,No evidence of a toxic compound in any sample. Rabies virus and canine distemper virus were not detected in raccoons A and C and gray fox D. No intact brain from raccoon B.,N,03/04/2021,04/21/21,Smith,GADNR,Burrell
174-21,Burrell,GA,A-F: Lamar,A-F: Fredonia Church Road at Gordon Road,"33.042423982843935, -84.11203766150862",W21-174B,Raccoon,,2021,6,Female,Adult,A: 5.29 kg. B: 2.535 kg. C: 3.36 kg. D: 3.375 kg. E: 2.425 kg. F: 0.1 kg,A-B: Acute trauma (shotgun). C-E: Acute trauma. F: Coelomic inflammation,No evidence of a toxic compound in any sample. Rabies virus and canine distemper virus were not detected in raccoons A and C and gray fox D. No intact brain from raccoon B.,N,03/04/2021,04/21/21,Smith,GADNR,Burrell
174-21,Burrell,GA,A-F: Lamar,A-F: Fredonia Church Road at Gordon Road,"33.042423982843935, -84.11203766150862",W21-174C,Raccoon,,2021,6,Male,Adult,A: 5.29 kg. B: 2.535 kg. C: 3.36 kg. D: 3.375 kg. E: 2.425 kg. F: 0.1 kg,A-B: Acute trauma (shotgun). C-E: Acute trauma. F: Coelomic inflammation,No evidence of a toxic compound in any sample. Rabies virus and canine distemper virus were not detected in raccoons A and C and gray fox D. No intact brain from raccoon B.,N,03/04/2021,04/21/21,Smith,GADNR,Burrell
174-21,Burrell,GA,A-F: Lamar,A-F: Fredonia Church Road at Gordon Road,"33.042423982843935, -84.11203766150862",W21-174D,Gray Fox,,2021,6,Male,Adult,A: 5.29 kg. B: 2.535 kg. C: 3.36 kg. D: 3.375 kg. E: 2.425 kg. F: 0.1 kg,A-B: Acute trauma (shotgun). C-E: Acute trauma. F: Coelomic inflammation,No evidence of a toxic compound in any sample. Rabies virus and canine distemper virus were not detected in raccoons A and C and gray fox D. No intact brain from raccoon B.,N,03/04/2021,04/21/21,Smith,GADNR,Burrell
167-21,Burrell,KS,Marshall,"39.84226, -96.60237","39.84226, -96.60237",W21-167,Raccoon,,2021,1,Male,Adult,4.5 kg,"Canine distemper; Toxoplasmosis (Toxoplasma gondii); Bacterial lymphadenitis (lymph node infection) (Streptococcus canis, Salmonella enterica group B, and Staphylococcus delphini isolated)",Rabies virus was not detected.,Y,03/04/2021,04/26/21,Smith/Hesting,KSDWP,Burrell
173-21,Burrell,AR,"A, B: White","A, B: Ward","35.0299,-91.9505",W21-173A,Raccoon,,2021,2,Female,Adult,A: 4.27 kg. B: 3.17 kg,A-B: Canine distemper,Rabies virus was not detected.,Y,03/05/2021,04/02/2021,Ballard,ARGFC,Burrell
173-21,Burrell,AR,"A, B: White","A, B: Ward","35.0299,-91.9505",W21-173B,Raccoon,,2021,2,Female,Adult,A: 4.27 kg. B: 3.17 kg,A-B: Canine distemper,Rabies virus was not detected.,Y,03/05/2021,04/02/2021,Ballard,ARGFC,Burrell
189-21,Burrell,MO,St. Louis,"38.629642, -90.697775","38.629642, -90.697775",W21-189,Raccoon,,2021,1,Female,Adult,3.88 kg,Canine distemper,#21061. Rabies virus was not detected.,Y,03/16/21,04/15/21,Batten/Russell,MODOC,Burrell
194-21,Burrell,MO,Boone,"38.88450, -92.3057","38.88450, -92.3057",W21-194,Raccoon,,2021,1,Female,Adult,2.8 kg,Eosinophilic meningoencephalitis (inflammation of the brain and meninges),#21063. Rabies virus and canine distemper virus were not detected.,N,03/17/21,05/21/21,Batten/Russell,MODOC,Burrell
196-21A,Burrell,WV,"A, B: Randolph","A: Harman; 38.9223N, -79.5251W","38.9223, -79.5251",W21-196A,Raccoon,,2021,2,Male,Adult,A: 14 lbs. B: 9 lbs 11 oz,A-B: Canine distemper,,Y,03/17/21,04/15/21,Crum,WVDNR,Burrell
196-21,Burrell,WV,"A, B: Randolph"," B: Arnold Hill Road, Elkins: 38.876052, -79.865307","38.876052, -79.865307",W21-196B,Raccoon,,2021,2,Male,Adult,A: 14 lbs. B: 9 lbs 11 oz,A-B: Canine distemper,,Y,03/17/21,04/15/21,Crum,WVDNR,Burrell
205-21,Weyna,NC,Catawba,Brarbrick Street,"35.57922,-81.01216",W21-205,Raccoon,,2021,1,Female,Adult,3.340 kg,Canine distemper virus (CWD) infection,No parasites consistent with Baylisascaris procyonis were detected.  Rabies virus was not detected.,Y,03/23/21,04/19/21,Ray,NCWRC,Burrell
215-21,Weyna,KS,Hamilton,"37.975663, -101.799484","37.975663, -101.799484",W21-215,Striped Skunk,,2021,1,Male,Adult,1.425 kg,Canine distemper virus (CDV) infection; Chronic dermatitis of unknown cause,Rabies virus was not detected.,Y,03/25/21,04/15/21,Meier/Hesting,KSDWP,Burrell
220-21,Radisic,MO,Greene,T29NR22WS30,"37.2101,-93.3309",W21-220,Striped Skunk,,2021,1,Male,Adult,1.71 kg,Canine distemper,#21071. Rabies virus was not detected.,Y,03/30/21,05/05/2021,Batten/Russell,MODOC,Nemeth
221-21,Radisic,MO,Greene,T28NR22WS17,"37.1319,-93.3309",W21-221,Striped Skunk,,2021,1,Male,Adult,2.08 kg,Canine distemper,#21072. Rabies virus was not detected,Y,03/30/21,05/05/2021,Batten/Russell,MODOC,Nemeth
224-21,Radisic,MO,Stone,T22NR23WS03,"36.63420852450282, -93.41387049412545",W21-224,Raccoon,,2021,1,Male,Adult,3.58 kg,Sarcocystosis,#21073. Canine distemper virus and rabies virus were not detected.,N,04/01/2021,09/02/2021,Batten/Russell,MODOC,Nemeth
225-21,Radisic,KY,Bath,"Coyle Street, Owingsville 40360","38.14321,-83.76640",W21-225,Raccoon,,2021,1,Female,Adult,3.73 kg,Canine distemper; Leptospira sp. detected (kidney),#KY-W21-10. Rabies virus was not detected.,Y,04/01/2021,05/05/2021,Mattox/Casey,KYDWFR,Nemeth
230-21,Radisic,KY,Letcher,Unknown,"37.1433,-82.9602",W21-230,Raccoon,,2021,1,Female,Adult,4.94 kg,Canine distemper; verminous pneumonia (lungworm infection; presumed Crenosoma goblei),#KY-W21-11. Rabies virus was not detected.,Y,04/01/2021,05/05/2021,Curry/Casey,KYDFWR,Nemeth
242-21,Burrell,MO,Christian,T26NR21WS03,"36.9936,-93.2035",W21-242,Striped Skunk,,2021,1,Male,Unknown,1.46 kg,Canine distemper,#21076. Rabies virus was not detected.,Y,04/07/2021,05/25/21,Batten/Russell,MODOC,Burrell
243-21,Burrell,MO,Christian,T27NR21WS36,"37.0206,-93.2048",W21-243,Striped Skunk,,2021,1,Male,Adult,2.27 kg,"Canine distemper; Bacterial lymphadenitis (lymph node infection, presumed) (Streptococcus canis, Streptococcus equi subsp. zooepidemicus, Staphylococcus delphini isolated)",#21077. Rabies virus was not detected.,Y,04/07/2021,05/13/21,Batten/Russell,MODOC,Burrell
245-21,Burrell,KS,Woodson,~1 mile east of Buffalo,"37.710094889705275, -95.67472225113939",W21-245,Raccoon,,2021,1,Male,Adult,4.04 kg,Canine distemper,Rabies virus was not detected.,Y,04/07/2021,05/04/2021,Cikanek/Hesting,KSDWP,Burrell
247-21,Burrell,MO,Washington,T39NR03ES21,"38.0858,-90.7133",W21-247,Raccoon,,2021,1,Female,Adult,3.38 kg,Canine distemper,#21080. Rabies virus was not detected,Y,04/08/2021,05/05/2021,Batten/Russell,MODOC,Burrell
260-21,Ruder,WV,Berkeley,UTM18 4372921N 247497E,"39.287896, -77.566871",W21-260,Raccoon,,2021,1,Female,Adult,3.9 kg,Canine distemper; verminous pneumonia (suspected Crenosoma vulpis),Rabies virus was not detected.,Y,04/15/21,05/18/21,Vance/Barton,WVDNR,Nemeth
270-21,Radisic,NC,Catawba,Sigmon Cove Lane,"35.57674,-80.96521",W21-270,Raccoon,,2021,1,Female,Adult,4.64 kg,Canine distemper,Rabies virus was not detected.,Y,04/22/21,07/15/21,Ray,NCWRC,Burrell
271-21,Radisic,NC,Catawba,"Sherryn Run, Terrell","35.57528,-80.96776",W21-271,Raccoon,,2021,1,Male,Adult,3.38 kg,Canine distemper,Rabies virus was not detected.,Y,04/22/21,06/09/2021,Ray,NCWRC,Burrell
283-21,Burrell,MO,Greene,T28NR22WS18,"37.1319,-93.3309",W21-283,Striped Skunk,,2021,1,Female,Adult,0.975 kg,Canine distemper,#21083.  Rabies virus was not detected.,Y,04/28/21,05/12/2021,Batten/Russell,MODOC,Burrell
284-21,Burrell,MO,Stone,T23NR24WS09,"36.6976,-93.5525",W21-284,Raccoon,,2021,1,Male,Adult,3.87 kg,Canine distemper,#21084. Rabies virus was not detected.,Y,04/28/21,05/18/21,Batten/Russell,MODOC,Burrell
293-21,Kunkel,WV,Hardy,UTM 17 4316451N 693050E,"38.5832836,-78.4617234",W21-293,Raccoon,,2021,1,Female,Juvenile,2.30 kg,Canine distemper; Verminous pneumonia,Rabies virus was not detected.,Y,05/04/2021,05/26/21,Barton,WVDNR,Nemeth
302-21,Burrell,KS,Lyon,Emporia,"38.40676155739874, -96.18665849076747",,Raccoon,,2021,1,Male,Adult,4.70 kg,Canine distemper; Schistosomiasis; Tularemia,Rabies virus was not detected.,Y,05/10/2021,06/08/2021,Peek/Hesting,KSDWP,Burrell
303-21,Burrell,KS,Lyon,"38.62581, -95.97230","38.62581, -95.97230",W21-303,Striped Skunk,,2021,1,Female,Adult,1.47 kg,Canine distemper; Kidney disease of unknown cause,Rabies virus was not detected.,Y,05/11/2021,06/29/21,Hesting,KSDWP,Burrell
318-21,Radisic,KS,Finney,"37.836714, -100.889732","37.836714, -100.889732",W21-318,Striped Skunk,,2021,1,Male,Adult,1.40 kg,Rabies virus detected,Canine distemper virus was not detected.,N,05/20/21,07/08/2021,Meier/Hesting,KSDWP,Nemeth
324-21,Burrell,GA,Floyd,"Catrell Road, Rome","34.17476293010789, -85.29665271064327",W21-324,Raccoon,,2021,1,Unknown,Unknown,4.61 kg,Canine distemper; Schistosomiasis,Rabies virus was not detected.,Y,05/25/21,06/14/21,Crider/Johannsen,GADNR,Burrell
325-21,Burrell,WV,Hampshire,UTM17 4359104N 715080E,"39.2116714,-78.3013717",W21-325,Raccoon,,2021,1,Male,Adult,Unknown,Canine distemper,Rabies virus was not detected.,Y,05/25/21,06/09/2021,Barton,WVDNR,Burrell
337-21,Kunkel,MO,Boone,T51NR13WS11,"39.1863,-92.3923",W21-337,Striped Skunk,,2021,1,Male,Adult,1.70 kg,Canine distemper; Pulmonary adenoma,#21100.  Rabies virus was not detected.,Y,06/02/2021,06/10/2021,Batten/Russell,MODOC,Nemeth
345-21,Kunkel,NC,Carteret,"34.714215, -76.654104","34.714215, -76.654104",W21-345,Gray Fox,,2021,1,Female,Adult,3.60 kg,Cause of illness undetermined,Canine disease virus and rabies virus were not detected.,N,06/03/2021,06/11/2021,Kent,NCWRC,Nemeth
349-21,Weyna,PA,Centre,Port Matilda,"40.799952565799074, -78.05183370337924",W21-349,Raccoon,,2021,1,Unknown,Juvenile,Unknown,Canine distemper virus not detected,P2114285/190-21A. Parvovirus was not detected.,N,06/08/2021,06/30/21,Luley,PASADL,Nemeth
355-21,Weyna,KY,Laurel,London,"37.11901474089947, -84.07832932262562",W21-355,Raccoon,,2021,1,Male,Juvenile,0.41 kg,Aspiration pneumonia ,#KY-W21-20. Rabies virus and canine distemper virus were not detected.,N,06/09/2021,07/22/21,Hacker/Casey,KYDWFR,Nemeth
387-21,Kunkel,KS,Lyon,"S. Exchange, Emporia","38.38860,-96.17467",W21-387,Raccoon,,2021,1,Male,Juvenile,1.20 kg,Canine distemper,Rabies virus was not detected.,Y,06/23/21,07/09/2021,Hesting,KSDWP,Burrell
390-21,Kunkel,NC,Nash,Rocky Mount,"35.9559,-77.8048",W21-390,Raccoon,,2021,1,Male,Adult,5.20 kg,Canine distemper,Rabies virus was not detected.,Y,06/24/21,07/09/2021,Batts,NCWRC,Burrell
405-21,Radisic,KY,Grant,"Crittenden; 38.775968, -84.608318","38.775968, -84.608318",W21-405,Raccoon,,2021,1,Female,Adult,3.58 kg,Canine distemper,#KY-W21-43. Rabies virus was not detected.,Y,07/01/2021,09/02/2021,Casey,KYDFWR,Nemeth
406-21 Addendum,Radisic,KY,Franklin,"1 Sportsman's Lane, Frankfort","38.1775572788262, -84.9233170297758",W21-406,Raccoon,,2021,1,Male,Juvenile,0.61 kg,Canine parvovirus,"#KY-W21-44. Rabies virus and canine distemper virus were not detected. Addendum: Molecular tests results for Toxoplasma, Sarcocystis, and Neospora spp. were negative.",N,07/01/2021,10/11/21 09/02/21,Casey,KYDFWR,Nemeth
416-21,Radisic,KS,Lyon,"Emporia County Club, 1801 Rural","38.42166770761248, -96.18773899720128",W21-416,Red Fox,,2021,1,Male,Juvenile,2.97 kg,Emaciation (starvation),Rabies virus and canine distemper virus were not detected.,N,07/02/2021,09/02/2021,Hesting,KSDWP,Nemeth
444-21,Kunkel,MO,"A, B: St. Charles","A, B: Landgrant 01766","38.817182885988906, -90.63175833428565",W21-444A,Raccoon,,2021,2,Female,Juvenile,A: 2.6 kg. B: 2.2 kg,A-B: Trauma. A: Herpesviral encephalitis,"A:#21118a. B: #21118b. No herpesviruses were detected in raccoon B.  Arboviruses, parvoviruses, canine distemper virus, rabies virus, and protozoa were not detected in A or B.",N,07/15/21,08/24/21,Batten/Russell,MODOC,Nemeth
444-21,Kunkel,MO,"A, B: St. Charles","A, B: Landgrant 01766","38.817182885988906, -90.63175833428565",W21-444B,Raccoon,,2021,2,Female,Juvenile,A: 2.6 kg. B: 2.2 kg,A-B: Trauma. A: Herpesviral encephalitis,"A:#21118a. B: #21118b. No herpesviruses were detected in raccoon B.  Arboviruses, parvoviruses, canine distemper virus, rabies virus, and protozoa were not detected in A or B.",N,07/15/21,08/24/21,Batten/Russell,MODOC,Nemeth
454-21,Radisic,NC,Caldwell,"Swanson Drive, Lenoir","35.86383,-81.51483",W21-454,Gray Fox,,2021,1,Male,Adult,3.10 kg,Canine distemper; Listeriosis,Rabies virus was not detected.,Y,07/20/21,09/20/21,Ray,NCWRC,Nemeth
465-21,Radisic,MO,Greene,T29NR22WS02,"37.26132582525887, -93.29232389426181",W21-465,Striped Skunk,,2021,1,Female,Juvenile,0.45 kg,Penetrating trauma (gunshot),#21122. Rabies virus and canine distemper virus were not detected.,N,07/21/21,10/07/2021,Batten/Russell,MODOC,Nemeth
471-21,Radisic,KS,Finney,"37.97356, -100.82284","37.97356, -100.82284",W21-471,Striped Skunk,,2021,1,Female,Adult,2.00 kg,Canine distemper,Rabies virus was not detected.,Y,07/21/21,10/08/2021,Meier/Hesting,KSDWP,Nemeth
463-21,Radisic,NC,Craven,"Gondolier Drive, New Bern","35.07510,-76.96937",W21-463,Raccoon,,2021,1,Male,Adult,3.21 kg,Bacterial pneumonia; Canine distemper,Rabies virus was not detected.,Y,07/21/21,09/20/21,Noble,NCWRC,Nemeth
474-21,Radisic,TN,DeKalb,Oakley Hollow Road,"36.1009,-85.9561",W21-474,Gray Fox,,2021,1,Female,Juvenile,1.16 kg,Canine distemper,Rabies virus was not detected.,Y,07/22/21,10/08/2021,Simpson,TNWRA,Nemeth
505-21,Weyna,AR,Boone,"Orchard Point Road, Harrison","36.1781,-93.2093",W21-505,Gray Fox,,2021,1,Female,Juvenile,1.14 kg,Canine distemper; Emaciation (starvation),#CFS2102016. Rabies virus was not detected.,Y,07/30/21,08/13/21,Ballard,ARGFC,Nemeth
502-21,Weyna,NC,Gaston,"Chestnut Lane, Gastonia","35.204916610059314, -81.27403702894189",W21-502,Red Fox,,2021,1,Male,Adult,4.07 kg,Emaciation (starvation); Sarcoptic mange,Canine distemper virus and rabies virus were not detected.,N,07/30/21,09/14/21,Ray,NCWRC,Nemeth
504-21,Weyna,AR,Baxter,Unknown,"36.26952117088866, -92.31977049710846",W21-504,Raccoon,,2021,1,Female,Juvenile,0.86 kg,Aspiration pneumonia; canine distemper,,N,07/30/21,08/20/21,Ballard,ARGFC,Nemeth
A22-04382,Weyna,AR,Baxter,Unknown,"36.3029,-92.3265",W21-504,Raccoon,Mammal-Carnivore,2021,1,Female,Juvenile,0.86 kg,Aspiration pneumonia; canine distemper,,Y,07/30/21,08/20/21,Ballard,ARGFC,Nemeth
509-21,Kunkel,NC,Burke,"River Walk Drive, Connelly Springs","35.77581,-81.51146",W21-509,Raccoon,,2021,1,Male,Adult,3.60 kg,Canine distemper,Rabies virus was not detected.,Y,08/03/2021,08/09/2021,Ray,NCWRC,Nemeth
546-21,Kunkel,KS,Lyon,Sunset Lake Drive,"38.42619,-96.21083",W21-546,Raccoon,,2021,1,Female,Adult,4.70 kg,Canine distemper,Rabies virus was not detected.,Y,08/17/21,08/26/21,Hesting,KSDWP,Nemeth
557-21,Kunkel,LA,Rapides,Pineville,"31.32839565339949, -92.43039496398421",W21-557,Raccoon,,2021,1,Male,Adult,4.40 kg,Parvoviral encephalitis,Parvovirus was detected. Rabies virus and canine distemper virus were not detected.,N,08/19/21,09/22/21,Champagne,LADWF,Nemeth
643-21,Radisic,NC,Caldwell,Grace Chapel Road,"35.815242323392035, -81.36679121331989",W21-643,Raccoon,,2021,1,Female,Adult,3.00 kg,Cause of illness undetermined,Rabies virus and canine distemper virus were not detected.,N,09/10/2021,10/03/2021,Ray,NCWRC,Burrell
659-21,Goodwin,MO,Franklin,T44NR02ES26,"38.5632,-91.1705",W21-659,Raccoon,,2021,1,Male,Juvenile,2.00 kg,Canine distemper,#21147. Rabies virus was not detected.,Y,09/15/21,11/12/2021,Batten/Russell,MODOC,Nemeth
666-21,Goodwin,KY,Laurel,London,"37.1282,-84.0834",W21-666,Raccoon,,2021,1,Female,Juvenile,1.60 kg,Canine distemper; Protozoal encephalitis,#KY-W21-63. Rabies virus was not detected.,Y,09/16/21,11/17/21,Hacker/Casey,KYDFWR,Nemeth
679-21,Weyna,NC,Burke,"Birdseye Court, Connelly Springs","35.64104215671201, -81.50290935776935",W21-679,Raccoon,,2021,1,Female,Adult,2.85 kg,Poor nutritional condition; Rabies,Canine distemper virus was not detected.,N,09/22/21,11/05/2021,Ray,NCWRC,Nemeth
680-21 Addendum,Weyna,NC,Caldwell,"Sherrill Drive, Granite Falls","35.81248367966757, -81.45209734996821",W21-680,Raccoon,,2021,1,Male,Subadult,1.15 kg,Poor nutritional condition. Addendum: Parvoviral encephalitis,Rabies virus and canine distemper virus were not detected.,N,09/22/21,12/20/21 12/03/21,Ray,NCWRC,Nemeth
684-21,Weyna,WV,Randolph,Schoonover Hallow Road Files Creek,"38.8356643557608, -79.85962269000021",W21-684,Red Fox,,2021,1,Male,Juvenile,2.20 kg,Emaciation (starvation); Intracranial abscess; Suspect trauma,Rabies virus and canine distemper virus were not detected.,N,09/24/21,12/15/21,Crum,WVDNR,Nemeth
698-21,Burrell,NE,Lincoln,"South Beverage Road, Sutherland; 41.13026, -101.21346","41.13026, -101.21346",W21-698,Raccoon,,2021,1,Male,Adult,6.50 kg,Canine distemper,#SW09282021. Rabies virus was not detected.,Y,09/29/21,10/29/21,Aden/Nordeen,NEGPC,Burrell
704-21,Burrell,MO,Audrain,T50NR09WS01,"39.15643987873807, -91.87024735816244",W21-704,Raccoon,,2021,1,Male,Adult,4.00 kg,Cause of death undetermined,#21163. Rabies virus and canine distemper virus were not detected.,N,09/30/21,10/11/2021,Batten/Russell,MODOC,Burrell
717-21,Goodwin,LA,LaSalle,Jena,"31.6906,-92.1271",W21-717,Gray Fox,,2021,1,Male,Adult,3.20 kg,Canine distemper; Disseminated (multisystemic) bacterial infection,Rabies virus was not detected.,Y,10/05/2021,12/07/2021,Champagne,LADWF,Nemeth
732-21,Goodwin,NC,Davidson,"Kesler Road, Lexington","35.78295083975986, -80.4576796967153",W21-732,Striped Skunk,,2021,1,Female,Adult,3.50 kg,Bacterial pneumonia; Suspect protozoal encephalitis,No toxic compounds were detected. Ravies virus and canine distemper virus were not detected.,N,10/08/2021,05/02/2022,O'Hare,NCWRC,Nemeth
748-21,Burrell,MO,Callaway,T48NR10WS25,"38.9086,-91.9914",W21-748,Striped Skunk,,2021,1,Male,Adult,3.32 kg,Canine distemper; Sarcocystosis,#21174. Rabies virus was not detected.,Y,10/14/21,12/03/2021,Batten/Russell,MODOC,Burrell
749-21,Burrell,NC,Chowan,"Rocky Hock on River Road; 36.186901, -76.714678","36.186901, -76.714678",W21-749,Raccoon,,2021,1,Male,Adult,Unknown,Cause of illness undetermined,Rabies virus and canine distemper virus were not detected.,N,10/14/21,12/21/21,Turner,NCWRC,Burrell
769-21,Burrell,KS,Lyon,"38.419490, -96.186254","38.419490, -96.186254",W21-769,Raccoon,,2021,1,Female,Adult,2.99 kg,Canine distemper; Leptospirosis,Rabies virus was not detected.,Y,10/20/21,11/15/21,Hesting,KSDWP,Burrell
778-21,Burrell,NC,Pasquotank,"Bluff Point, Elizabeth City; 36.191874, -76.114540","36.191874, -76.114540",W21-778,Gray Fox,,2021,1,Female,Adult,2.46 kg,Canine distemper,Rabies virus was not detected.,Y,10/21/21,11/30/21,Turner,NCWRC,Burrell
787-21,Goodwin,GA,Barrow,Winder,"33.9909,-83.7196",W21-787,Raccoon,,2021,1,Male,Adult,3.70 kg,Canine distemper,Rabies virus was not detected.,Y,10/25/21,12/07/2021,DeLaigle,GADNR,Nemeth
813-21,Goodwin,NC,Burke,"Smawley St., Morgantown","35.69519,-81.83272",W21-813,Gray Fox,,2021,1,Female,Adult,2.60 kg,Canine distemper; Emaciation (starvation),Rabies virus was not detected.,Y,10/29/21,03/08/2022,Ray,NCWRC,Nemeth
814-21,Goodwin,NC,Burke,"Deker Road, Connelly Springs","35.76367936877339, -81.47004365740688",W21-814,Raccoon,,2021,1,Female,Adult,3.50 kg,Rabies,Canine distemper virus was not detected.,N,10/29/21,03/08/2022,Ray,NCWRC,Nemeth
851-21,Goodwin,GA,Madison,"Rogers Mill Road, Danielsville","34.13867077944428, -83.27421167257285",W21-851,Raccoon,,2021,1,Male,Adult,5.30 kg,Trauma (predation),Canine distemper virus and rabies virus were not detected. Addendum: Leptospira spp. was not detected.,N,11/18/21,05/02/22  04/05/22,Bryan/Johannsen,Zachery/ GADNR,Nemeth
852-21,Goodwin,AR,Lonoke,Lonoke,"34.7836,-91.9024",W21-852,Raccoon,,2021,1,Male,Adult,3.40 kg,Canine distemper,Rabies virus was not detected.,Y,11/18/21,04/06/2022,Ballard,ARGFC,Nemeth
864-21,Burrell,KS,Ottawa,"North 190th Road, Minneapolis","39.1110,-97.5759",W21-864,Raccoon,,2021,1,Female,Adult,5.47 kg,Canine distemper; Schistosomiasis,Rabies virus was not detected.,Y,11/24/21,12/15/21,Riese/Hesting,KSDWP,Burrell
899-21,Radisic,NC,"A, B: Lincoln","A, B: near Will Street, Iron Station","35.46328,-81.16458",W21-899A,Raccoon,,2021,2,Male,Adult,A: 4.28 kg. B: 4.85 kg,"A, B: Canine distemper. A: Sarcocystosis","A, B: Rabies virus was not detected",Y,12/14/21,01/31/22,Ray,NCWRC,Burrell
899-21,Radisic,NC,"A, B: Lincoln","A, B: near Will Street, Iron Station","35.46328,-81.16458",W21-899B,Raccoon,,2021,2,Female,Adult,A: 4.28 kg. B: 4.85 kg,"A, B: Canine distemper. A: Sarcocystosis","A, B: Rabies virus was not detected",Y,12/14/21,01/31/22,Ray,NCWRC,Burrell
22-007,Burrell,AR,Craighead,"Leaf Cove, Jonesboro","35.81935,-90.72544",W22-007,Gray Fox,Mammal-Carnivore,2022,1,Male,Adult,Unknown,Canine distemper; Schistosomiasis,Rabies virus was not detected.,Y,01/06/2022,02/08/2022,Ballard,ARGFC,Burrell
22-005 Addendum,Burrell,NC,Craven,"34.0437868, -77.0398852","34.0437868, -77.0398852",W22-005,Raccoon,Mammal-Carnivore,2022,1,Unknown,Adult,2.93 kg,Rabies,Canine distemper virus was not detected. Addendum: Rabies virus variant consistent with raccoons in the eastern US.,N,01/06/2022,07/29/22  01/24/22,Kent,NCWRC,Burrell
22-046,Weyna,MO,Jefferson,T40NR06ES28,"38.1625,-90.3228",W22-046,Gray Fox,Mammal-Carnivore,2022,1,Female,Adult,3.00 kg,Canine distemper; Poor nutritional condition,#21237. Rabies virus was not detected.,Y,01/27/22,02/04/2022,Batten/Russell,MODOC,Nemeth
22-061,Radisic,GA,Thomas,Unknown,"30.8415,-83.9349",W22-061,Gray Fox,,2022,1,Female,Adult,4.10 kg,Canine distemper; Toxoplasmosis,Rabies virus was not detected.,Y,02/03/2022,03/14/22,Howze,GADNR,Burrell
22-071,Radisic,GA,Dougherty,Unknown,"31.5187476650689, -84.28561517294895",W22-071,Gray Fox,,2022,1,Male,Adult,4.70 kg,Ethylene glycol toxicosis: suspect; Suspect trauma,Canine distemper virus and rabies virus were not detected.,N,02/03/2022,03/09/2022,Howze,GADNR,Burrell
22-077,Radisic,KS,Atchison,Nortonville,"39.416721132878436, -95.33187063191822",W22-077,Raccoon,Mammal-Carnivore,2022,1,Female,Adult,4.00 kg,Canine distemper,Rabies virus was not detected.,Y,02/04/2022,03/28/22,Warner/Hesting,KSDWP,Burrell
22-105,Radisic,KY,McLean,"37.603405, -87.277596","37.603405, -87.277596",W22-105,Raccoon,Mammal-Carnivore,2022,1,Female,Juvenile,1.90 kg,Canine distemper,#KY-W22-05. Rabies virus was not detected.,Y,02/16/22,03/07/2022,Young/Casey,KYDFWR,Nemeth
22-166,Goodwin,MO,Stoddard,T27NR10ES34,"36.937888821945236, -89.96474869453259",W22-166,Striped Skunk,,2022,1,Unknown,Adult,3.50 kg,Rabies,#22026. Canine distemper virus not detected,N,03/08/2022,03/25/22,Batten/Russell,MODOC,Nemeth
22-226,Radisic,MO,Webster,"Marshfield; 37.32584, -92.9029","37.32584, -92.9029",W22-226,Red Fox,Mammal-Carnivore,2022,1,Male,Adult,3.02 kg,Bacterial pneumonia; Canine distemper,#22038. Rabies virus was not detected.,N,03/23/22,05/04/2022,Batten/Russell,MODOC,Burrell
22-311,Weyna,NC,Onslow,"John El Hearst Drive, Swansboro","34.672286080290064, -77.13633417907933",W22-311,Raccoon,Mammal-Carnivore,2022,1,Male,Juvenile,1.80 kg,Canine distemper; Poor nutritional condition,Rabies test results were negative (per NC State Lab).,Y,04/20/22,05/03/2022,Kent,NCWRC,Nemeth
22-312,Weyna,NC,Craven,"35.139909, -77.071701","35.139909, -77.071701",W22-312,Raccoon,Mammal-Carnivore,2022,1,Female,Juvenile,2.21 kg,Bacterial pneumonia; Canine distemper,Rabies virus,N,04/20/22,05/05/2022,Kent,NCWRC,Nemeth
22-365,Kunkel,MO,Boone,"Gazelle Drive, Columbia","38.98419901787696, -92.33692427304726",W22-365,Raccoon,Mammal-Carnivore,2022,1,Female,Adult,6.33 kg,Trauma (predation),#22048. Rabies virus and canine distemper virus were not detected.,N,05/12/2022,06/21/22,Batten/Russell,MODOC,Burrell
22-366,Kunkel,MO,Cole,"Wardsville Road, Jefferson City","38.50107043317918, -92.17602836746053",W22-366,Raccoon,Mammal-Carnivore,2022,1,Male,Adult,4.85 kg,Canine distemper,#22049. Rabies virus was not detected.,Y,05/12/2022,06/16/22,Batten/Russell,MODOC,Burrell
22-379,Goodwin,GA,Clarke,Moose Club Road,"33.92264606798238, -83.38186370012895",W22-379,Raccoon,Mammal-Carnivore,2022,1,Female,Adult,4.57 kg,Canine distemper,Rabies virus was not detected.,Y,05/20/22,07/07/2022,Jordan,GADNR,Nemeth
22-408,Kunkel,NC,Brunswick,Ocean Isle Beach,"33.88863817561709, -78.4371137810136",W22-408,Gray Fox,Mammal-Carnivore,2022,1,Male,Adult,4.33 kg,Trauma (predation),Rabies virus and canine distemper virus were not detected.,N,06/03/2022,06/21/22,Harrelson,NCWRC,Nemeth
22-456 Addendum,Kunkel,GA,Glynn,Clam Creek Horse Stall,"31.107334530276518, -81.40691723937411",W22-456,Raccoon,Mammal-Carnivore,2022,1,Male,Adult,3.19 kg,Addendum: Parvoviral encephalitis; Parvoviral enteritis,Rabies virus and canine distemper virus were not detected.,N,06/24/22,09/16/22  08/29/22,Colbert/Johannsen,JIA/GADNR,Nemeth
22-457 Addendum,Kunkel,GA,Glynn,Old Plantation Road,"31.06762939185046, -81.42399673138496",W22-457,Raccoon,Mammal-Carnivore,2022,1,Male,Adult,3.40 kg,Parvoviral enteritis,"Rabies virus, canine distemper virus, and Bartonella spp. were not detected. No gross evidence of anticoagulant rodenticide toxicosis",N,06/24/22,09/15/22  09/14/22,Colbert/Johannsen,JIA/GADNR,Nemeth
22-458,Kunkel,GA,Glynn,Jekyll Island,"31.07186102142682, -81.41377925383203",W22-458,Raccoon,Mammal-Carnivore,2022,1,Male,Adult,2.57 kg,Disseminated (multisystemic) bacterial infection with suspect bile duck obstruction,"Anticoagulant rodenticide toxicosis, rabies virus, canine distemper virus, and canine parvovirus were not detected.",N,06/24/22,09/20/22,Colbert/Johannsen,JIA/GADNR,Nemeth
22-459,Kunkel,GA,Glynn,Jekyll Island,"31.07186102142682, -81.41377925383203",W22-459,Raccoon,Mammal-Carnivore,2022,1,Female,Adult,5.42 kg,No evidence of active disease,"Rabies virus, canine distemper virus, and parvovirus were not detected.",N,06/24/22,09/09/2022,Colbert/Johannsen,JIA/GADNR,Nemeth
22-460,Kunkel,GA,Glynn,Jekyll Island,"31.07186102142682, -81.41377925383203",W22-460,Raccoon,Mammal-Carnivore,2022,1,Female,Juvenile,2.05 kg,Emaciation (starvation); Parvoviral enteritis,Rabies virus and canine distemper virus were not detected.,N,06/24/22,09/16/22,Colbert/Johannsen,JIA/GADNR,Nemeth
22-461,Kunkel,GA,Glynn,Jekyll Island,"31.07186102142682, -81.41377925383203",W22-461,Raccoon,Mammal-Carnivore,2022,1,Female,Adult,2.79 kg,Emaciation (starvation); Hepatozoonosis,"Rabies virus, canine distemper virus, and parvovirus were not detected.",N,06/24/22,09/29/22,Colbert/Johannsen,JIA/GADNR,Nemeth
22-462,Kunkel,GA,Glynn,Jekyll Island,"31.07186102142682, -81.41377925383203",W22-462,Raccoon,Mammal-Carnivore,2022,1,Female,Adult,2.59 kg,Blunt force trauma (cause unknown),"Salmonella spp., parvovirus, rabies virus, and canine distemper virus were not detected.",N,06/24/22,10/06/2022,Colbert/Johannsen,JIA/GADNR,Nemeth
22-463,Goodwin,GA,Glynn,Jekyll Island Tennis Courts,"31.069045814868304, -81.41986367318721",W22-463,Raccoon,Mammal-Carnivore,2022,1,Female,Adult,4.64 kg,Canine distemper virus antigen not detected; Cause of illness undetermined; Rabies virus not detected,No evidence of anticoagulant rodenticide toxicosis.,N,06/24/22,07/20/22,Colbert/Johannsen,JIA/GADNR,Nemeth
22-464 Addendum,Goodwin,GA,Glynn,"Jekyll Island, 27 St. Andrews Road","31.016785749283127, -81.43107455969395",W22-464,Raccoon,Mammal-Carnivore,2022,1,Male,Adult,5.59 kg,Canine distemper virus antigen not detected; Rabies virus not detected; Suspect parasitic encephalitis; Trauma (predation),"Addendum: No protozoal organism genetic material was detected in a brain sample; however, Babesia sp. was detected.",N,06/24/22,10/12/22  07/20/22,Colbert/Johannsen,JIA/GADNR,Nemeth
22-465 Addendum,Goodwin,GA,Glynn,"Jekyll Island, Marriott Hotel","31.046972562053288, -81.41186185848059",W22-465,Raccoon,Mammal-Carnivore,2022,1,Male,Adult,7.75 kg,Canine distemper virus antigen not detected; No evidence of active disease; Rabies virus not detected,"Addendum:  No protozoal organism genetic material was detected in a heart sample; however, Babesia sp. was detected. Parvovirus was not detected.",N,06/24/22,10/12/22  07/21/22,Colbert/Johannsen,JIA/GADNR,Nemeth
22-505,Goodwin,WV,Raleigh,"Fireco Road, Coal City; 17S 482230 4168748","37.65691050444658, -81.20092150655184",W22-505,Red Fox,Mammal-Carnivore,2022,1,Unknown,Adult,Unknown,Sarcoptic mange,Sarcoptes scabiei was identified.,N,07/12/2022,08/25/22,Dowdy,WVDNR,Nemeth
22-506,Goodwin,WV,Greenbrier,"Greenbrier Valley Airport, Maxwelton; 17S 553712 4191331","37.8559500868797, -80.40433114457403",W22-506,Red Fox,Mammal-Carnivore,2022,1,Unknown,Adult,Unknown,Sarcoptic mange,Sarcoptes scabiei was identified.,N,07/12/2022,08/26/22,Dowdy,WVDNR,Nemeth
22-530,Burrell,MO,Cooper,"Logan Drive, Prairie Home","38.82580646739494, -92.62284290915993",W22-530,Raccoon,Mammal-Carnivore,2022,1,Male,Juvenile,1.10 kg,Bacterial pneumonia; Canine distemper,#22071. Rabies virus was not detected.,N,07/20/22,08/12/2022,Batten/Russell,MODOC,Burrell
a23-02570,Burrell,MO,Cooper,"Logan Drive, Prairie Home","38.82554903787683, -92.6227093021443",W22-530,Raccoon,Mammal-Carnivore,2022,1,Male,Juvenile,1.10 kg,Bacterial pneumonia; Canine distemper,#22071. Rabies virus was not detected.,Y,07/20/22,08/12/2022,Batten/Russell,MODOC,Burrell
22-554,Nemeth,FL,Miami-Dade,"SW 93rd Street, Miami","25.68273402299821, -80.3651408237787",W22-554,Red Fox,Mammal-Carnivore,2022,1,Female,Adult,Unknown,Avian influenza viruses not detected; Canine distemper; Rabies virus not detected,#220725-04,N,07/27/22,08/05/2022,Clemons/Cunningham,FLFWCC,Nemeth
22-550,Nemeth,KY,Allen,"Halfway Halifax Road, Scottsville","36.81108791839643, -86.27157004711435",W22-550,Striped Skunk,Mammal-Carnivore,2022,1,Male,Juvenile,0.64 kg,Sarcocystosis,#KY-W22-43. Rabies virus and canine distemper virus were not detected.,N,07/27/22,08/16/22,Lynch/Casey,KYDFWR,Nemeth
a23-03674,Nemeth,FL,Miami-Dade,"SW 93rd Street, Miami","25.682083290487764, -80.37866031964319",W22-554,Red Fox,Mammal-Carnivore,2022,1,Female,Adult,Unknown,Avian influenza viruses not detected; Canine distemper; Rabies virus not detected,#220725-04,Y,07/27/22,08/05/2022,Clemons/Cunningham,FLFWCC,Nemeth
22-695,Kunkel,LA,Rapides,Pineville,"31.32839565339949, -92.43039496398421",W22-695,Raccoon,Mammal-Carnivore,2022,1,Male,Adult,4.92 kg,Herpesviral encephalitis,"No parvoviruses, rabies virus, and canine distemper virus were detected.",N,08/26/22,09/30/22,Jones/Berry,LADWF,Nemeth
22-717,Weyna,GA,Fulton,Windsor Lake Drive,"33.88403431273412, -84.34777850567426",W22-717,Red Fox,Mammal-Carnivore,2022,1,Male,Adult,1.82 kg,Emaciation; Sarcoptic mange,"Avian influenza virus, rabies, and canine distemper virus were not detected.",N,08/31/22,09/15/22,McCullar,GADNR,Nemeth
22-744,Teo,MO,Christian,"37.0612, -93.2848","37.0612, -93.2848",W22-744,Raccoon,Mammal-Carnivore,2022,1,Male,Juvenile,1.90 kg,Bacterial pneumonia; Bacterial septicemia,#22100. Rabies virus and canine distemper virus were not detected.,N,09/07/2022,10/13/22,Russell,MODOC,Nemeth
22-821,O'Reilly,AR,Sharp,Unknown,"36.12728396560858, -91.49845152020762",,Raccoon,Mammal-Carnivore,2022,1,Female,Juvenile,725.00 g,Encephalitis (suspect viral origin),Rabies and canine distemper viruses were not detected. An addendum will be sent with protozoan testing results.,N,09/20/22,11/10/2022,Ballard,ARGFC,Nemeth
22-880,Goodwin,AR,Pulaski,"Butterfly Place, Little Rock","34.662471784654784, -92.43657958846919",W22-880,Raccoon,Mammal-Carnivore,2022,1,Male,Juvenile,1.48 kg,Bacterial pneumonia (presumed secondary to distemper); Canine distemper; Rabies virus not detected,,N,09/28/22,11/01/2022,Riggs/Ballard,ARGFC,Nemeth
a23-12478,Goodwin,AR,Pulaski,"Butterfly Place, Little Rock","34.66250708323671, -92.43661177527166",W22-880,Raccoon,Mammal-Carnivore,2022,1,Male,Juvenile,1.48 kg,Bacterial pneumonia (presumed secondary to distemper); Canine distemper; Rabies virus not detected,,Y,09/28/22,11/01/2022,Riggs/Ballard,ARGFC,Nemeth
22-896,Goodwin,NC,Onslow,"Petersburg Road, Richlands","34.92753634543441, -77.5393079638167",W22-896,Raccoon,Mammal-Carnivore,2022,1,Female,Juvenile,6.60 kg,Rabies,Canine distemper virus was not detected.,N,09/29/22,1010/22,Shaw,NCWRC,Nemeth
22-921,O'Reilly,KS,Jefferson,"Buck Creek Road, Perry","39.13169832414031, -95.29251401142588",,Red Fox,Mammal-Carnivore,2022,1,Female,,,,,N,10/06/2022,,Urban,KSDWP,Nemeth
22-923,O'Reilly,NC,Avery,"Mountain Shadow Lane, Newland","36.10661681643065, -81.94777810041431",,Raccoon,Mammal-Carnivore,2022,1,,,,,,N,10/06/2022,,Ray,NCWRC,Nemeth
a23-13670,O'Reilly,NC,Avery,"Mountain Shadow Lane, Newland","36.10661681643065, -81.94777810041431",W22-923,Raccoon,Mammal-Carnivore,2022,1,Female,Subadult,3.885 kg,Canine distemper virus infection,"Moderate lymphoplasmacytic interstitial pneumonia, no brain lesions noted",Y,10/06/2022,,Ray,NCWRC,Nemeth
22-1010,Kunkel,AR,Pulaski,"34.69739, -92.37053","34.69739, -92.37053",,Raccoon,Mammal-Carnivore,2022,1,,,,,,N,10/25/22,,Riggs/Ballard,ARGFC,Nemeth
22-1087,Weyna,MO,Boone,"Interstate 70 Drive SW, Columbia","38.968636838611936, -92.37783749954764",,Raccoon,Mammal-Carnivore,2022,1,,,,,#22138,N,11/15/22,,Russell,MODOC,Nemeth
A22-28973,,FL,Bay,"Naval support academy, panama city beach","30.1795775753277, -85.75882715089205",,Raccoon,Mammal-Carnivore,2022,1,Female,Adult,,,"rabies FA negative, CDV FA postive",Y,01/23/22,01/26/22,,,
A22-32886,Radisic,KY,McLean,,"37.603405, -87.277596",W22-105,Raccoon,Mammal-Carnivore,2022,1,Female,Juvenile,1.90 kg,Canine distemper,#KY-W22-05. Rabies virus was not detected.,Y,02/16/22,03/07/2022,Young/Casey,KYDFWR,Nemeth
a21- 36339,,GA,Fannin,High Cashes Valley Dr,"34.881936792439284, -84.41708541545353",,Gray Fox,Mammal-Carnivore,2021,1,,,,?,,Y,03/16/2021,,,,
A22-38869,Radisic,MO,Webster,Marshfield; ,"37.32584, -92.9029",W22-226,Red Fox,Mammal-Carnivore,2022,1,Male,Adult,3.02 kg,Bacterial pneumonia; Canine distemper,#22038. Rabies virus was not detected.,Y,03/23/22,05/04/2022,Batten/Russell,MODOC,Burrell
A22-43575,Weyna,NC,Craven,,"35.139909, -77.071701",,Raccoon,Mammal-Carnivore,2022,1,,,,,,Y,04/20/22,,Kent,NCWRC,Nemeth
